0	2022-11-22 18:05:51Z	Sorry, planned but not yet available
1	2022-11-26 19:33:24Z	Sample content node
2	2022-11-17 20:37:57Z	Some title for 2
3	2022-11-17 23:05:08Z	Some title for 3
4	2022-11-17 20:37:57Z	Some title for 4
5	2022-11-17 20:37:57Z	Some title for 5
6	2022-11-17 23:34:10Z	Some title for 6
7	2022-11-17 20:37:57Z	Some title for 7
8	2022-11-17 20:37:57Z	Some title for 8
9	2022-11-17 20:37:57Z	Some title for 9
10	2022-11-17 20:37:57Z	Some title for 10
11	2022-11-17 20:37:57Z	Some title for 11
12	2022-11-17 20:37:57Z	Some title for 12
