0	2022-11-26 19:34:08Z	Sorry, planned but not yet available
1	2022-11-26 22:28:03Z	Knowledge management
2	2022-11-26 22:11:59Z	Content node
3	2022-11-26 22:27:56Z	KEG books and apps
4	2022-11-26 22:31:38Z	KEGML is Markdown with limitations
5	2022-11-27 06:36:10Z	Let's start a keg
6	2022-11-26 22:47:15Z	KEG specification
7	2022-11-27 04:58:49Z	Which license should you use?
8	2022-11-28 02:49:37Z	Added Preserve/Restore to rwxrob/fs
9	2022-11-28 07:35:20Z	Idiot claiming PowerShell is better than bash
10	2022-11-28 08:03:18Z	Q: What is a closure?
11	2022-11-28 08:23:44Z	Podman Desktop now requires WSL2
